"%s already exist","%sã¯ã™ã§ã«å­˜åœ¨ã—ã¦ã„ã¾ã™"
"%s already exists","%sã¯æ—¢ã«å­˜åœ¨ã—ã¦ã„ã¾ã™"
"-- Please Select --","-- é¸æŠžã—ã¦ä¸‹ã•ã„ --"
"Add Block Names to Hints","ãƒ–ãƒ­ãƒƒã‚¯åã‚’ãƒ’ãƒ³ãƒˆã«è¿½åŠ ã™ã‚‹"
"Add Secret Key to URLs","Add Secret Key to URLs"
"Add Store Code to Urls","åº—èˆ—ã‚³ãƒ¼ãƒ‰ã‚’URLã«è¿½åŠ ã™ã‚‹"
"Admin","ç®¡ç†"
"Admin Base URL","ç®¡ç†è€…ãƒšãƒ¼ã‚¸ãƒ™ãƒ¼ã‚¹URL"
"Admin User Emails","ç®¡ç†è€…ãƒ¦ãƒ¼ã‚¶ãƒ¼ãƒ¡ãƒ¼ãƒ«ã‚¢ãƒ‰ãƒ¬ã‚¹"
"Advanced","é«˜åº¦ãªè¨­å®š"
"Allow countries","è¨±å¯ã™ã‚‹å›½"
"Allowed IPs (comma separated)","è¨±å¯ã•ã‚ŒãŸIP(ã‚³ãƒ³ãƒžåŒºåˆ‡ã‚Š)"
"Are you sure?","ã‚ˆã‚ã—ã„ã§ã™ã‹ï¼Ÿ"
"Back","æˆ»ã‚‹"
"Backup options","ãƒãƒƒã‚¯ã‚¢ãƒƒãƒ—ã‚ªãƒ—ã‚·ãƒ§ãƒ³"
"Base JavaScript URL","Javascriptãƒ™ãƒ¼ã‚¹URL"
"Base Link URL","ãƒªãƒ³ã‚¯ãƒ™ãƒ¼ã‚¹URL"
"Base Media URL","ãƒ¡ãƒ‡ã‚£ã‚¢ãƒ™ãƒ¼ã‚¹URL"
"Base Skin URL","ã‚¹ã‚­ãƒ³ãƒ™ãƒ¼ã‚¹URL"
"Base URL","ãƒ™ãƒ¼ã‚¹URL"
"Before modifying the store view code please make sure that it is not used in index.php","ã‚¹ãƒˆã‚¢ãƒ“ãƒ¥ãƒ¼ã®ã‚³ãƒ¼ãƒ‰ã‚’å¤‰æ›´ã™ã‚‹å‰ã«ã€index.phpã§ä½¿ç”¨ã•ã‚Œã¦ã„ãªã„ã‹ç¢ºèªã—ã¦ãã ã•ã„ã€‚"
"Before modifying the website code please make sure that it is not used in index.php","ã‚¦ã‚§ãƒ–ã‚µã‚¤ãƒˆã‚³ãƒ¼ãƒ‰ã‚’å¤‰æ›´ã™ã‚‹å‰ã«index.phpã§ä½¿ç”¨ã•ã‚Œã¦ã„ãªã„ã‹ç¢ºèªã—ã¦ãã ã•ã„"
"Block with name ""%s"" already exists","""%s""ã®åå‰ã®ãƒ–ãƒ­ãƒƒã‚¯ã¯ã™ã§ã«å­˜åœ¨ã—ã¾ã™"
"Blocks HTML output","ãƒ–ãƒ­ãƒƒã‚¯HTMLå‡ºåŠ›"
"Can't retrieve request object","ãƒªã‚¯ã‚¨ã‚¹ãƒˆã‚ªãƒ–ã‚¸ã‚§ã‚¯ãƒˆã‚’å–å¾—ã§ãã¾ã›ã‚“"
"Can't retrieve entity config: %s","ã‚¨ãƒ³ãƒˆãƒªå±žæ€§ã‚’å–å¾—ã§ãã¾ã›ã‚“ã§ã—ãŸ: %s"
"Cancel","ã‚­ãƒ£ãƒ³ã‚»ãƒ«"
"Cannot Delete Email Template","ãƒ¡ãƒ¼ãƒ«ãƒ†ãƒ³ãƒ—ãƒ¬ãƒ¼ãƒˆã‚’å‰Šé™¤ã§ãã¾ã›ã‚“"
"Cannot complete this operation from non-admin area.","ç®¡ç†è€…ã§ã¯ãªã„å ´æ‰€ã‹ã‚‰ã®æ“ä½œã‚’å®Œäº†ã§ãã¾ã›ã‚“ã§ã—ãŸã€‚"
"Category object is required for determining product request path","ã‚«ãƒ†ã‚´ãƒªã‚ªãƒ–ã‚¸ã‚§ã‚¯ãƒˆã¯è£½å“ã¸ã®ãƒªã‚¯ã‚¨ã‚¹ãƒˆãƒ‘ã‚¹æ±ºã‚ã‚‹ã®ã«å¿…è¦ã§ã™ã€‚"
"Code","ã‚³ãƒ¼ãƒ‰"
"Collections Data","ã‚³ãƒ¬ã‚¯ã‚·ãƒ§ãƒ³æ—¥ä»˜"
"Configuration","æ§‹æˆ"
"Controller file was loaded but class does not exist","ã‚³ãƒ³ãƒˆãƒ­ãƒ¼ãƒ©ã¯ãƒ­ãƒ¼ãƒ‰ã•ã‚Œã¦ã„ã¾ã™ãŒã‚¯ãƒ©ã‚¹ãŒã‚ã‚Šã¾ã›ã‚“ã€‚"
"Cookie Domain","ã‚¯ãƒƒã‚­ãƒ¼ãƒ‰ãƒ¡ã‚¤ãƒ³"
"Cookie Lifetime","Cookieã®æœ‰åŠ¹æœŸé™"
"Cookie Path","ã‚¯ãƒƒã‚­ãƒ¼ãƒ‘ã‚¹"
"Copyright","Copyright"
"Countries options","å›½ã‚ªãƒ—ã‚·ãƒ§ãƒ³"
"Create Store","åº—èˆ—ã‚’ä½œæˆ"
"Create Store View","åº—èˆ—ãƒ“ãƒ¥ãƒ¼ã‚’ä½œæˆ"
"Create Website","ã‚¦ã‚§ãƒ–ã‚µã‚¤ãƒˆã‚’ä½œæˆ"
"Current package name","ç¾åœ¨ã®ãƒ‘ãƒƒã‚±ãƒ¼ã‚¸å"
"Custom Design","ã‚«ã‚¹ã‚¿ãƒ ãƒ‡ã‚¶ã‚¤ãƒ³"
"Custom admin URL","ã‚«ã‚¹ã‚¿ãƒ ç®¡ç†è€…URL"
"Custom email 1","ã‚«ã‚¹ã‚¿ãƒ ãƒ¡ãƒ¼ãƒ«1"
"Custom email 2","ã‚«ã‚¹ã‚¿ãƒ ãƒ¡ãƒ¼ãƒ«2"
"Customer support","é¡§å®¢ã‚µãƒãƒ¼ãƒˆ"
"Date From","é–‹å§‹æ—¥"
"Date To","çµ‚äº†æ—¥"
"Date/time format ""%s"" is not supported.","æ—¥ä»˜ã®ãƒ•ã‚©ãƒ¼ãƒžãƒƒãƒˆ ""%s"" ã¯ã‚µãƒãƒ¼ãƒˆã•ã‚Œã¦ã„ã¾ã›ã‚“ã€‚"
"Debug","ãƒ‡ãƒãƒƒã‚°"
"Default","æ¨™æº–"
"Default Description","åˆæœŸèª¬æ˜Ž"
"Default Keywords","åˆæœŸã‚­ãƒ¼ãƒ¯ãƒ¼ãƒ‰"
"Default Pages","æ¨™æº–ã®ãƒšãƒ¼ã‚¸"
"Default Robots","åˆæœŸå‡¦ç†"
"Default Store","æ¨™æº–ã®åº—èˆ—"
"Default Store View","æ¨™æº–ã®åº—èˆ—ãƒ“ãƒ¥ãƒ¼"
"Default Title","åˆæœŸã‚¿ã‚¤ãƒˆãƒ«"
"Default country","æ¨™æº–ã®å›½"
"Default no-route url","æ¨™æº–ã®ãƒ«ãƒ¼ãƒˆå¤–URL"
"Default web url","æ¨™æº–ã®ãƒ‰ã‚­ãƒ¥ãƒ¡ãƒ³ãƒˆãƒ«ãƒ¼ãƒˆ"
"Delete","å‰Šé™¤"
"Delete Store","åº—èˆ—ã‚’å‰Šé™¤"
"Delete Store View","åº—èˆ—ãƒ“ãƒ¥ãƒ¼ã‚’å‰Šé™¤"
"Delete Website","ã‚¦ã‚§ãƒ–ã‚µã‚¤ãƒˆã‚’å‰Šé™¤"
"Deleting a %1$s will not delete the information associated with the %1$s (e.g. categories, products, etc.), but the %1$s will not be able to be restored. It is suggested that you create a database backup before deleting the %1$s.","%1$s ã‚’å‰Šé™¤ã—ã¦ã‚‚ %1$s (ä¾‹ãˆã°ã€ã‚«ãƒ†ã‚´ãƒªã‚„è£½å“ãªã©) ã«é–¢é€£ã—ãŸæƒ…å ±ã¯å‰Šé™¤ã—ã¾ã›ã‚“ã€‚ä½†ã— %1$s ã¯å…ƒã«æˆ»ã™ã“ã¨ã¯ã§ãã¾ã›ã‚“ã€‚ %1$s ã‚’å‰Šé™¤ã™ã‚‹å‰ã«ãƒ‡ãƒ¼ã‚¿ãƒ™ãƒ¼ã‚¹ã®ãƒãƒƒã‚¯ã‚¢ãƒƒãƒ—ã‚’å–å¾—ã™ã‚‹äº‹ã‚’ãŠã™ã™ã‚ã—ã¾ã™ã€‚"
"Design","ãƒ‡ã‚¶ã‚¤ãƒ³"
"Design Change","ãƒ‡ã‚¶ã‚¤ãƒ³å¤‰æ›´"
"Developer","é–‹ç™ºè€…å‘ã‘"
"Developer Client Restrictions","é–‹ç™ºè€…ã‚¯ãƒ©ã‚¤ã‚¢ãƒ³ãƒˆåˆ¶é™"
"Disable email communications","ãƒ¡ãƒ¼ãƒ«ã§ã®é€£çµ¡ã‚’ç„¡åŠ¹ã«ã™ã‚‹"
"Disable modules output","ç„¡åŠ¹ãªãƒ¢ã‚¸ãƒ¥ãƒ¼ãƒ«å‡ºåŠ›"
"Duplicate Of Template Code","ãƒ†ãƒ³ãƒ—ãƒ¬ãƒ¼ãƒˆã‚³ãƒ¼ãƒ‰ã®é‡è¤‡"
"Edit Design Change","ãƒ‡ã‚¶ã‚¤ãƒ³å¤‰æ›´ã‚’ç·¨é›†"
"Edit Store","åº—èˆ—ã‚’ç·¨é›†"
"Edit Store View","åº—èˆ—ãƒ“ãƒ¥ãƒ¼ã‚’ç·¨é›†"
"Edit Website","ã‚¦ã‚§ãƒ–ã‚µã‚¤ãƒˆã‚’ç·¨é›†"
"Empty identifier field name","ç©ºã®è­˜åˆ¥å­å"
"Empty main table name","ç©ºã®ãƒ¡ã‚¤ãƒ³ãƒ†ãƒ¼ãƒ–ãƒ«å"
"Enabled","æœ‰åŠ¹"
"Enabled for Admin","ç®¡ç†è€…ãƒšãƒ¼ã‚¸ã§æœ‰åŠ¹ã«ã™ã‚‹"
"Enabled for Frontend","ãƒ•ãƒ­ãƒ³ãƒˆã‚¨ãƒ³ãƒ‰ã§æœ‰åŠ¹ã«ã™ã‚‹"
"Error in file: ""%s"" - %s","ãƒ•ã‚¡ã‚¤ãƒ«å†…ã§ã‚¨ãƒ©ãƒ¼ãŒç™ºç”Ÿã—ã¾ã—ãŸ: ""%s"" -%s"
"Error while saving. Please try again later.","ä¿å­˜ä¸­ã«ã‚¨ãƒ©ãƒ¼ãŒç™ºç”Ÿã—ã¾ã—ãŸã€‚ã‚„ã‚Šç›´ã—ã¦ãã ã•ã„ã€‚"
"Error: Passwords do not match","ã‚¨ãƒ©ãƒ¼ : ãƒ‘ã‚¹ãƒ¯ãƒ¼ãƒ‰ãŒä¸€è‡´ã—ã¾ã›ã‚“"
"Exceptions Log File Name","ä¾‹å¤–ãƒ­ã‚°ãƒ•ã‚¡ã‚¤ãƒ«å"
"First Day of Week","é€±ã®å§‹ã¾ã‚Š"
"Footer","ãƒ•ãƒƒã‚¿ãƒ¼"
"Forgot Password Email Sender","ãƒ‘ã‚¹ãƒ¯ãƒ¼ãƒ‰ãƒªãƒžã‚¤ãƒ³ãƒ€ãƒ¡ãƒ¼ãƒ«é€ä¿¡è€…"
"Forgot Password Email Template","ãƒ‘ã‚¹ãƒ¯ãƒ¼ãƒ‰ãƒªãƒžã‚¤ãƒ³ãƒ€ãƒ¡ãƒ¼ãƒ«ãƒ†ãƒ³ãƒ—ãƒ¬ãƒ¼ãƒˆ"
"General","å…¨èˆ¬"
"General Settings","å…¨èˆ¬è¨­å®š"
"General contact","ç·åˆå—ä»˜"
"Global","å…±é€š"
"HTML Head","HTML ãƒ˜ãƒƒãƒ€"
"Header","ãƒ˜ãƒƒãƒ€ãƒ¼"
"Host","ãƒ›ã‚¹ãƒˆ"
"Id path for specified store","æŒ‡å®šã—ãŸåº—èˆ—ã®ID"
"Incorrect credit card expiration date","ä¸æ­£ãªã‚¯ãƒ¬ã‚¸ãƒƒãƒˆã‚«ãƒ¼ãƒ‰æœ‰åŠ¹æœŸé™"
"Invalid base url type","ä¸æ­£ãªãƒ™ãƒ¼ã‚¹URLã‚¿ã‚¤ãƒ—"
"Invalid block name to set child %s: %s","ä¸æ­£ãªå­ãƒ–ãƒ­ãƒƒã‚¯åã§ã™ %s: %s"
"Invalid block type: %s","ä¸æ­£ãªãƒ–ãƒ­ãƒƒã‚¯åã§ã™: %s"
"Invalid block: %s","ä¸æ­£ãªãƒ–ãƒ­ãƒƒã‚¯: %s"
"Invalid layout update argument, expected Mage_Core_Model_Layout_Element","Mage_Core_Model_Layout_Elementã®æƒ³å®šå¤–ã®æ›´æ–°å¼•æ•°ã§ã™"
"Invalid layout update handle","ç„¡åŠ¹ãªãƒ¬ã‚¤ã‚¢ã‚¦ãƒˆã‚’æ›´æ–°ã—ã‚ˆã†ã¨ã—ã¾ã—ãŸã€‚"
"Invalid messages storage ""%s"" for layout messages initialization","ãƒ¬ã‚¤ã‚¢ã‚¦ãƒˆãƒ¡ãƒƒã‚»ãƒ¼ã‚¸åˆæœŸåŒ–ã§ä¸æ­£ãªãƒ¡ãƒƒã‚»ãƒ¼ã‚¸ã‚¹ãƒˆãƒ¬ãƒ¼ã‚¸ ""%s"""
"Invalid transactional email code: ","ä¸æ­£ãªEãƒ¡ãƒ¼ãƒ«ãƒˆãƒ©ãƒ³ã‚¶ã‚¯ã‚·ãƒ§ãƒ³ã‚³ãƒ¼ãƒ‰: "
"Invalid websites configuration path: %s","ä¸æ­£ãªã‚¦ã‚§ãƒ–ã‚µã‚¤ãƒˆè¨­å®šãƒ‘ã‚¹: %s"
"Layout","ãƒ¬ã‚¤ã‚¢ã‚¦ãƒˆ"
"Layouts","ãƒ¬ã‚¤ã‚¢ã‚¦ãƒˆ"
"Leave empty for access from any location","ç©ºç™½ã«ã™ã‚‹ã¨ã©ã“ã‹ã‚‰ã§ã‚‚ã‚¢ã‚¯ã‚»ã‚¹å¯èƒ½ã§ã™"
"Locale","ãƒ­ã‚±ãƒ¼ãƒ«"
"Locale options","ãƒ­ã‚±ãƒ¼ãƒ«ã‚ªãƒ—ã‚·ãƒ§ãƒ³"
"Log Settings","ãƒ­ã‚°è¨­å®š"
"Logging from Mage::log(). File is located in {{base_dir}}/var/log","Mage::log() ã‹ã‚‰ãƒ­ã‚°ç›£è¦–ã—ã¾ã™ã€‚ ãƒ•ã‚¡ã‚¤ãƒ«ã¯Â {{base_dir}}/var/log ã«å‡ºåŠ›ã—ã¾ã™ã€‚"
"Logging from Mage::logException(). File is located in {{base_dir}}/var/log","Mage::logException() ã‹ã‚‰ãƒ­ã‚°ç›£è¦–ã—ã¾ã™ã€‚ãƒ•ã‚¡ã‚¤ãƒ«ã¯Â {{base_dir}}/var/log ã«å‡ºåŠ›ã—ã¾ã™ã€‚"
"Logo Image Alt","Alt ãƒ­ã‚´ã‚¤ãƒ¡ãƒ¼ã‚¸"
"Logo Image Src","Src ãƒ­ã‚´ã‚¤ãƒ¡ãƒ¼ã‚¸"
"Manage Stores","åº—èˆ—ç®¡ç†"
"Match expressions in the same order as displayed in the configuration.","ç”»é¢ã«è¡¨ç¤ºã™ã‚‹é †åºãŒåŒã˜ã«ãªã‚‹ã‚ˆã†ã‚ã‚ã›ã¦ãã ã•ã„"
"Miscellaneous HTML","è‰²ã€…ãª HTML"
"Miscellaneous scripts","è‰²ã€…ãªã‚¹ã‚¯ãƒªãƒ—ãƒˆ"
"Model class does not exist: %s","ãƒ¢ãƒ‡ãƒ«ã‚¯ãƒ©ã‚¹ãŒã‚ã‚Šã¾ã›ã‚“: %s"
"Model collection resource name is not defined","ãƒ¢ãƒ‡ãƒ«ã‚³ãƒ¬ã‚¯ã‚·ãƒ§ãƒ³ãƒªã‚½ãƒ¼ã‚¹åãŒæœªå®šç¾©ã§ã™"
"Module ""%1$s"" can not be depended from ""%2$s""","ãƒ¢ã‚¸ãƒ¥ãƒ¼ãƒ« ""%1$s"" ã¯""%2$s""ã«ã¶ã‚‰ä¸‹ãŒã£ã¦ã„ã¾ã›ã‚“ã€‚"
"Module ""%1$s"" requires module ""%2$s""","Module ""%1$s"" requires module ""%2$s"""
"Name","お名前"
"New Design Change","æ–°ã—ã„ãƒ‡ã‚¶ã‚¤ãƒ³å¤‰æ›´"
"New Store","æ–°ã—ã„åº—èˆ—"
"New Store View","æ–°ã—ã„åº—èˆ—ãƒ“ãƒ¥ãƒ¼"
"New Website","æ–°ã—ã„ã‚¦ã‚§ãƒ–ã‚µã‚¤ãƒˆ"
"No","No"
"Package","ãƒ‘ãƒƒã‚±ãƒ¼ã‚¸"
"Please choose to register or to checkout as a guest","ç™»éŒ²ã›ãšã«è³¼å…¥ã¾ãŸã¯æ–°è¦ç™»éŒ²ã—ã¦è³¼å…¥ã‚’é¸æŠžã—ã¦ãã ã•ã„"
"Please define flag code.","ãƒ•ãƒ©ã‚°ã‚³ãƒ¼ãƒ‰ã‚’æ±ºã‚ã¦ãã ã•ã„ã€‚"
"Please enter 6 or more characters.","6æ–‡å­—ä»¥ä¸Šå…¥åŠ›ã—ã¦ãã ã•ã„"
"Please enter 6 or more characters. Leading or trailing spaces will be ignored.","6æ–‡å­—ä»¥ä¸Šã‚’å…¥åŠ›ã—ã¦ãã ã•ã„ã€‚å…ˆé ­ã¨æœ€å¾Œã®ç©ºç™½ã¯ç„¡è¦–ã•ã‚Œã¾ã™ã€‚"
"Please enter a number greater than 0 in this field.","0æ¡ã®æ•°å­—ã‚’å…¥åŠ›ã—ã¦ãã ã•ã„"
"Please enter a valid $ amount. For example $100.00.","æ­£ã—ã„é‡‘é¡è¡¨ç¤ºã§å…¥åŠ›ã—ã¦ãã ã•ã„"
"Please enter a valid URL. For example http://www.example.com or www.example.com","æ­£ã—ã„URLã‚’å…¥åŠ›ã—ã¦ãã ã•ã„ã€‚ï¼ˆä¾‹ï¼šhttp://www.example.com ã¾ãŸã¯ www.example.comï¼‰"
"Please enter a valid URL. http:// is required","æ­£ã—ã„URLã‚’å…¥åŠ›ã—ã¦ãã ã•ã„ã€‚ã€Œhttp://ã€ãŒå¿…è¦ã§ã™ã€‚"
"Please enter a valid credit card number.","æ­£ã—ã„ã‚¯ãƒ¬ã‚¸ãƒƒãƒˆã‚«ãƒ¼ãƒ‰ç•ªå·ã‚’å…¥åŠ›ã—ã¦ãã ã•ã„ã€‚"
"Please enter a valid date.","æ­£ã—ã„æ—¥ä»˜ã‚’å…¥åŠ›ã—ã¦ãã ã•ã„ã€‚"
"Please enter a valid email address. For example johndoe@domain.com.","æ­£ã—ã„ãƒ¡ãƒ¼ãƒ«ã‚¢ãƒ‰ãƒ¬ã‚¹ã‚’å…¥åŠ›ã—ã¦ãã ã•ã„ã€‚ï¼ˆä¾‹ï¼šjohndoe@domain.comï¼‰"
"Please enter a valid number in this field.","æ­£ã—ã„æ•°å­—ã§å…¥åŠ›ã—ã¦ãã ã•ã„ã€‚"
"Please enter a valid phone number. For example (123) 456-7890 or 123-456-7890.","æ­£ã—ã„é›»è©±ç•ªå·ã®å½¢å¼ã§å…¥åŠ›ã—ã¦ãã ã•ã„ã€‚ï¼ˆä¾‹ï¼š(123) 456-7890 or 123-456-7890ï¼‰"
"Please enter a valid social security number. For example 123-45-6789.","æ­£ã—ã„ç¤¾ä¼šä¿éšœç•ªå·ã‚’å…¥åŠ›ã—ã¦ãã ã•ã„ã€‚ï¼ˆä¾‹ï¼š123-45-6789ï¼‰"
"Please enter a valid zip code.","æ­£ã—ã„éƒµä¾¿ç•ªå·ã‚’å…¥åŠ›ã—ã¦ãã ã•ã„ã€‚"
"Please enter a valid zip code. For example 90602 or 90602-1234.","æ­£ã—ã„éƒµä¾¿ç•ªå·ã‚’å…¥åŠ›ã—ã¦ãã ã•ã„ã€‚ï¼ˆä¾‹ï¼š123-4567ï¼‰"
"Please enter valid password.","æ­£ã—ã„ãƒ‘ã‚¹ãƒ¯ãƒ¼ãƒ‰ã‚’å…¥åŠ›ã—ã¦ãã ã•ã„ã€‚"
"Please make sure that Base URL ends with '/' (slash), e.g. http://yourdomain/magento/","ï¼µï¼²ï¼¬ãŒ'/' (ã‚¹ãƒ©ãƒƒã‚·ãƒ¥)ï¼ˆä¾‹ãˆã°ã€http://yourdomain/magento/ï¼‰ã§"
"Please make sure your passwords match.","ãƒ‘ã‚¹ãƒ¯ãƒ¼ãƒ‰ã‚’ä¸€è‡´ã•ã›ã¦ãã ã•ã„ã€‚"
"Please select State/Province.","çœŒã‚’é¸æŠžã—ã¦ãã ã•ã„"
"Please select an option.","ã‚ªãƒ—ã‚·ãƒ§ãƒ³ã‚’é¸æŠžã—ã¦ãã ã•ã„ã€‚"
"Please select one of the above options.","ã‚ªãƒ—ã‚·ãƒ§ãƒ³ã‚’ã²ã¨ã¤é¸æŠžã—ã¦ãã ã•ã„ã€‚"
"Please select one of the options.","ã‚ªãƒ—ã‚·ãƒ§ãƒ³ã‚’ã²ã¨ã¤é¸æŠžã—ã¦ãã ã•ã„ã€‚"
"Please specify payment method.","æ”¯æ‰•æ–¹æ³•ã‚’é¸æŠžã—ã¦ãã ã•ã„ã€‚"
"Please specify shipping method.","é…é€æ–¹æ³•ã‚’é¸æŠžã—ã¦ãã ã•ã„ã€‚"
"Please use letters only (a-z or A-Z) in this field.","ã“ã®å…¥åŠ›ã‚¨ãƒªã‚¢ã«ã¯ (a-z or A-Z) æ–‡å­—ã®ã¿ãŒä½¿ç”¨ã§ãã¾ã™ã€‚"
"Please use letters only (a-z) in this field.","è¨˜å·ã¨æ•°å­—ä»¥å¤–ã§å…¥åŠ›ã—ã¦ãã ã•ã„ã€‚"
"Please use numbers only in this field. please avoid spaces or other characters such as dots or commas.","ã“ã®ãƒ•ã‚£ãƒ¼ãƒ«ãƒ‰ã«ã¯æ•°å­—ã‚’å…¥åŠ›ã—ã¦ãã ã•ã„ã€‚"
"Please use only letters (a-z) or numbers (0-9) only in this field. No spaces or other characters are allowed.","ã“ã®ãƒ•ã‚£ãƒ¼ãƒ«ãƒ‰ã«ã¯è¨˜å·ä»¥å¤–ã®æ–‡å­—ã‚’å…¥åŠ›ã—ã¦ãã ã•ã„ã€‚"
"Please use only letters (a-z) or numbers (0-9) or spaces and # only in this field.","ã“ã®ãƒ•ã‚£ãƒ¼ãƒ«ãƒ‰ã«ã¯è¨˜å·ä»¥å¤–ã®æ–‡å­—ã‚’å…¥åŠ›ã—ã¦ãã ã•ã„ã€‚"
"Please use only letters (a-z), numbers (0-9) or underscore(_) in this field, first character should be a letter.","ã‚³ãƒ¼ãƒ‰ã¯åŠè§’è‹±æ•°å­—ã§å…ˆé ­ã¯åŠè§’è‹±å­—ã§ãªãã¦ã¯ãªã‚Šã¾ã›ã‚“ã€‚"
"Please use this date format: dd/mm/yyyy. For example 17/03/2006 for the 17th of March, 2006.","æ—¥ä»˜ã®å½¢å¼ã¯å³ã®é€šã‚Šã§ã™: dd/mm/yyyy. ï¼ˆä¾‹ï¼š 17/03/2006 ã¯ 2006å¹´3æœˆ17æ—¥ï¼‰ã€‚"
"Please wait, loading...","èª­ã¿è¾¼ã¿ä¸­ã§ã™"
"Polls","æŠ•ç¥¨"
"Port (25)","ãƒãƒ¼ãƒˆ (25)"
"Profiler","ãƒ—ãƒ­ãƒ•ã‚¡ã‚¤ãƒ©"
"Prototype Deprecation Log","Prototype Deprecation Log"
"Request path for specified store","ç‰¹å®šã®åº—èˆ—ã®ãƒªã‚¯ã‚¨ã‚¹ãƒˆãƒ‘ã‚¹"
"Requested invalid store ""%s""","æ­£ã—ããªã„ã‚¹ãƒˆã‚¢ ""%s""ãŒãƒªã‚¯ã‚¨ã‚¹ãƒˆã•ã‚Œã¾ã—ãŸ"
"Resource is not set","ãƒªã‚½ãƒ¼ã‚¹ã¯ã‚»ãƒƒãƒˆã•ã‚Œã¦ã„ã¾ã›ã‚“"
"Root Category","ãƒ«ãƒ¼ãƒˆã‚«ãƒ†ã‚´ãƒª"
"SMTP settings (Windows server only)","SMTPè¨­å®š(Windowsã‚µãƒ¼ãƒãƒ¼ã®ã¿)"
"Sales representative","ã‚»ãƒ¼ãƒ«ã‚¹æ‹…å½“è€…"
"Save","ä¿å­˜"
"Save Store","åº—èˆ—ã‚’ä¿å­˜"
"Save Store View","åº—èˆ—ãƒ“ãƒ¥ãƒ¼ã‚’ä¿å­˜"
"Save Website","ã‚¦ã‚§ãƒ–ã‚µã‚¤ãƒˆã‚’ä¿å­˜"
"Search Engines Optimization","æ¤œç´¢ã‚¨ãƒ³ã‚¸ãƒ³æœ€é©åŒ–"
"Secure","ã‚»ã‚­ãƒ¥ã‚¢"
"Security","Security"
"Select Date","æ—¥ä»˜ã‚’é¸æŠž"
"Sender email","é€ä¿¡è€…ãƒ¡ãƒ¼ãƒ«ã‚¢ãƒ‰ãƒ¬ã‚¹"
"Sender name","é€ä¿¡è€…å"
"Services","ã‚µãƒ¼ãƒ“ã‚¹"
"Session Cookie management","ã‚»ãƒƒã‚·ãƒ§ãƒ³ã‚¯ãƒƒã‚­ãƒ¼ç®¡ç†"
"Session Lifetime, Seconds","Session Lifetime, Seconds"
"Session Validation Settings","ã‚»ãƒƒã‚·ãƒ§ãƒ³è¨­å®šç¢ºèª"
"Set as default","ãƒ‡ã‚£ãƒ•ã‚©ãƒ«ãƒˆã¨ã—ã¦è¨­å®š"
"Skin (Images / CSS)","ã‚¹ã‚­ãƒ³(ç”»åƒ/CSS)"
"Sort order","æ³¨æ–‡ä¸¦ã¹æ›¿ãˆ"
"Specified date/time ""%1$s"" do not match format ""%2$s"".","æŒ‡å®šã•ã‚ŒãŸæ—¥ä»˜/æ™‚é–“ã®å½¢å¼ ""%1$s"" ãŒå½¢å¼ ""%2$s"" ã¨ä¸€è‡´ã—ã¾ã›ã‚“"
"Specify either category or product, or both.","ã‚«ãƒ†ã‚´ãƒªãƒ¼ã€ãƒ—ãƒ­ãƒ€ã‚¯ãƒˆã¾ãŸã¯ä¸¡æ–¹ã®ã„ãšã‚Œã‹ã‚’æŒ‡å®šã—ã¦ãã ã•ã„ã€‚"
"Start date can't be greater than end date","é–‹å§‹æ—¥ã‚’çµ‚äº†æ—¥ã‚ˆã‚Šå¾Œã‚ã«ã™ã‚‹ã“ã¨ã¯ã§ãã¾ã›ã‚“"
"Startup page","é–‹å§‹ãƒšãƒ¼ã‚¸"
"Status","ã‚¹ãƒ†ãƒ¼ã‚¿ã‚¹"
"Store","ã‚¹ãƒˆã‚¢"
"Store Email Addresses","åº—èˆ—ã®ãƒ¡ãƒ¼ãƒ«ã‚¢ãƒ‰ãƒ¬ã‚¹"
"Store Information","ã‚¹ãƒˆã‚¢æƒ…å ±"
"Store Name","ã‚¹ãƒˆã‚¢å"
"Store View","ã‚¹ãƒˆã‚¢ãƒ“ãƒ¥ãƒ¼"
"Store View Information","ã‚¹ãƒˆã‚¢ãƒ“ãƒ¥ãƒ¼æƒ…å ±"
"Store View Name","ã‚¹ãƒˆã‚¢ãƒ“ãƒ¥ãƒ¼å"
"Store View was successfully saved","ã‚¹ãƒˆã‚¢ãƒ“ãƒ¥ãƒ¼ã¯æ­£å¸¸ã«ä¿å­˜ã•ã‚Œã¾ã—ãŸ"
"Store code should contain only letters (a-z), numbers (0-9) or underscore(_), first character should be a letter","ã‚¹ãƒˆã‚¢ã‚³ãƒ¼ãƒ‰ã¯è‹±æ–‡å­—(a-z)ã€æ•°å­—(0-9)ã€ã‚¢ãƒ³ãƒ€ãƒ¼ã‚¹ã‚³ã‚¢(_)ã®ã¿å«ã‚ã‚‹äº‹ãŒã§ãã¾ã™ã€‚æœ€åˆã®æ–‡å­—ã¯è‹±æ–‡å­—ã§ã‚ã‚‹å¿…è¦ãŒã‚ã‚Šã¾ã™ã€‚"
"Store doesn't exist","åº—èˆ—ãŒå­˜åœ¨ã—ã¾ã›ã‚“ã€‚"
"Store view doesn't exist","ã‚¹ãƒˆã‚¢ãƒ“ãƒ¥ãƒ¼ãŒå­˜åœ¨ã—ã¾ã›ã‚“"
"Store view was successfully deleted.","ã‚¹ãƒˆã‚¢ãƒ“ãƒ¥ãƒ¼ã®å‰Šé™¤ãŒæˆåŠŸã—ã¾ã—ãŸã€‚"
"Store was successfully deleted.","ã‚¹ãƒˆã‚¢ã‚’å‰Šé™¤ã—ã¾ã—ãŸã€‚"
"Store was successfully saved","ã‚¹ãƒˆã‚¢ã¯æ­£å¸¸ã«ä¿å­˜ã•ã‚Œã¾ã—ãŸ"
"Store with the same code","åŒã˜ã‚³ãƒ¼ãƒ‰ã®ã‚¹ãƒˆã‚¢ã§ã™"
"System","ã‚·ã‚¹ãƒ†ãƒ "
"System Log File Name","ã‚·ã‚¹ãƒ†ãƒ ãƒ­ã‚°ãƒ•ã‚¡ã‚¤ãƒ«å"
"Template Path Hints","ãƒ†ãƒ³ãƒ—ãƒ¬ãƒ¼ãƒˆãƒ‘ã‚¹ãƒ’ãƒ³ãƒˆ"
"Templates","ãƒ†ãƒ³ãƒ—ãƒ¬ãƒ¼ãƒˆ"
"The %s you entered is invalid. Please make sure that it follows ""http://domain.com/"" format.","ã‚ãªãŸãŒå…¥ã£ãŸ( %s )ã¯ç„¡åŠ¹ã§ã™ã€‚ ""http://domain.com/"" ã®ãƒ•ã‚©ãƒ¼ãƒžãƒƒãƒˆã«æ²¿ã£ã¦ã„ã‚‹ã‹ç¢ºèªã—ã¦ãã ã•ã„ã€‚"
"Themes","ãƒ†ãƒ¼ãƒž"
"This category and all its child elements","ã“ã®ã‚«ãƒ†ã‚´ãƒªã¨ãã®å­è¦ç´ ã™ã¹ã¦"
"This category and its child categories only","ã“ã®ã‚«ãƒ†ã‚´ãƒªã¨ãã®å­ã‚«ãƒ†ã‚´ãƒªã®ã¿"
"This category and its products only","ã“ã®ã‚«ãƒ†ã‚´ãƒªã¨å•†å“ã®ã¿"
"This category only","ã“ã®ã‚«ãƒ†ã‚´ãƒªã®ã¿"
"This is a required field.","å¿…é ˆé …ç›®ã§ã™"
"This store cannot be deleted","åº—èˆ—ã‚’å‰Šé™¤ã™ã‚‹äº‹ã¯ã§ãã¾ã›ã‚“ã€‚"
"This store cannot be deleted.","åº—èˆ—ã‚’å‰Šé™¤ã™ã‚‹äº‹ã¯ã§ãã¾ã›ã‚“ã€‚"
"This store view cannot be deleted","ã‚¹ãƒˆã‚¢ãƒ“ãƒ¥ãƒ¼ã‚’å‰Šé™¤ã™ã‚‹äº‹ã¯ã§ãã¾ã›ã‚“ã€‚"
"This store view cannot be deleted.","ã‚¹ãƒˆã‚¢ãƒ“ãƒ¥ãƒ¼ã‚’å‰Šé™¤ã™ã‚‹äº‹ã¯ã§ãã¾ã›ã‚“ã€‚"
"This website cannot be deleted","ã‚¦ã‚§ãƒ–ã‚µã‚¤ãƒˆã‚’å‰Šé™¤ã™ã‚‹äº‹ã¯ã§ãã¾ã›ã‚“ã€‚"
"This website cannot be deleted.","ã‚¦ã‚§ãƒ–ã‚µã‚¤ãƒˆã‚’å‰Šé™¤ã™ã‚‹äº‹ã¯ã§ãã¾ã›ã‚“ã€‚"
"This will be displayed just before body closing tag","bodyçµ‚äº†ã‚¿ã‚°ã®ç›´å‰ã«è¡¨ç¤ºã•ã‚Œã¾ã™"
"This will be included before head closing tag in page HTML","HTMLãƒšãƒ¼ã‚¸å†…ã§ãƒ˜ãƒƒãƒ€çµ‚äº†ã‚¿ã‚°ã®å‰ã«å«ã¾ã‚Œã¾ã™"
"Timezone","ã‚¿ã‚¤ãƒ ã‚¾ãƒ¼ãƒ³"
"Title Prefix","ã‚¿ã‚¤ãƒˆãƒ«"
"Title Suffix","ã‚¿ã‚¤ãƒˆãƒ«ã‚’ã¤ã‘ã‚‹"
"Translate Inline","ç›´è¨³"
"Translate cache should be disabled for both Frontend and Admin inline translations","Translate cache should be disabled for both Frontend and Admin inline translations"
"Translations","ç¿»è¨³"
"Unable to delete store view. Please, try again later.","ã‚¹ãƒˆã‚¢ãƒ“ãƒ¥ãƒ¼ã‚’å‰Šé™¤ã™ã‚‹äº‹ãŒã§ãã¾ã›ã‚“ã€‚å¾Œã§ã‚‚ã†ä¸€åº¦ãŸã‚ã—ã¦ãã ã•ã„ã€‚"
"Unable to delete store. Please, try again later.","ã‚¹ãƒˆã‚¢ã‚’å‰Šé™¤ã™ã‚‹äº‹ãŒã§ãã¾ã›ã‚“ã€‚å¾Œã§ã‚‚ã†ä¸€åº¦ãŸã‚ã—ã¦ãã ã•ã„ã€‚"
"Unable to delete website. Please, try again later.","ã‚¦ã‚§ãƒ–ã‚µã‚¤ãƒˆã‚’å‰Šé™¤ã™ã‚‹äº‹ãŒã§ãã¾ã›ã‚“ã€‚å¾Œã§ã‚‚ã†ä¸€åº¦ãŸã‚ã—ã¦ãã ã•ã„ã€‚"
"Unable to proceed. Please, try again","å‡¦ç†ã§ãã¾ã›ã‚“ã§ã—ãŸã€‚å¾Œã§å†åº¦ãŠè©¦ã—ãã ã•ã„ã€‚"
"Unknown scope ""%s""","æœªçŸ¥ã®ã‚¹ã‚³ãƒ¼ãƒ— ""%s"""
"Unsecure","éžã‚»ã‚­ãƒ¥ã‚¢"
"Url Options","URLã‚ªãƒ—ã‚·ãƒ§ãƒ³"
"Use HTTP Only","HTTPã ã‘ä½¿ç”¨å¯èƒ½"
"Use Secure URLs in Admin","ã‚»ã‚­ãƒ¥ã‚¢URLã‚’ç®¡ç†è€…ãƒšãƒ¼ã‚¸ã§ä½¿ç”¨ã™ã‚‹"
"Use Secure URLs in Frontend","ãƒ•ãƒ­ãƒ³ãƒˆã‚¨ãƒ³ãƒ‰ã§ã‚»ã‚­ãƒ¥ã‚¢URLã‚’ä½¿ã†"
"Use Web Server Rewrites","ã‚¦ã‚§ãƒ–ã‚µãƒ¼ãƒãƒ¼ãƒªãƒ©ã‚¤ãƒˆã‚’ä½¿ç”¨ã™ã‚‹"
"Use custom admin URL","ã‚«ã‚¹ã‚¿ãƒ ç®¡ç†è€…URLã‚’ä½¿ç”¨ã™ã‚‹"
"Validate HTTP_USER_AGENT","HTTP_USER_AGENTã‚’æœ‰åŠ¹ã«ã—ã¦ãã ã•ã„"
"Validate HTTP_VIA","HTTP_VIA ã‚’ç¢ºèªã—ã¦ãã ã•ã„"
"Validate HTTP_X_FORWARDED_FOR","HTTP_X_FORWARDED_FOR ã‚’ç¢ºèªã—ã¦ãã ã•ã„"
"Validate REMOTE_ADDR","REMOTE_ADDR ã‚’ç¢ºèªã—ã¦ãã ã•ã„"
"Values less than 60 are ignored.","Values less than 60 are ignored."
"Web","ã‚¦ã‚§ãƒ–"
"Website","ã‚¦ã‚§ãƒ–ã‚µã‚¤ãƒˆ"
"Website Information","ã‚¦ã‚§ãƒ–ã‚µã‚¤ãƒˆæƒ…å ±"
"Website Name","ã‚¦ã‚§ãƒ–ã‚µã‚¤ãƒˆå"
"Website code should contain only letters (a-z), numbers (0-9) or underscore(_), first character should be a letter","ã‚¦ã‚§ãƒ–ã‚µã‚¤ãƒˆã‚³ãƒ¼ãƒ‰ã¯è‹±æ–‡å­—(a-z)ã€æ•°å­—(0-9)ã€ã‚¢ãƒ³ãƒ€ãƒ¼ã‚¹ã‚³ã‚¢(_)ã®ã¿å«ã‚ã‚‹äº‹ãŒã§ãã¾ã™ã€‚æœ€åˆã®æ–‡å­—ã¯è‹±æ–‡å­—ã§ã‚ã‚‹å¿…è¦ãŒã‚ã‚Šã¾ã™ã€‚"
"Website doesn't exist","ã‚¦ã‚§ãƒ–ã‚µã‚¤ãƒˆãŒå­˜åœ¨ã—ã¾ã›ã‚“"
"Website was successfully deleted.","ã‚¦ã‚§ãƒ–ã‚µã‚¤ãƒˆã¯æ­£å¸¸ã«å‰Šé™¤ã•ã‚Œã¾ã—ãŸã€‚"
"Website was successfully saved","ã‚¦ã‚§ãƒ–ã‚µã‚¤ãƒˆã¯æ­£å¸¸ã«ä¿å­˜ã•ã‚Œã¾ã—ãŸ"
"Website with the same code","åŒã˜ã‚³ãƒ¼ãƒ‰ã®ã‚¦ã‚§ãƒ–ã‚µã‚¤ãƒˆã§ã™"
"Weekend Days","é€±æœ«"
"Welcome Text","æ­“è¿Žæ–‡"
"Wrong number of arguments for %s","èª¤ã£ãŸæ•°ã®å¼•æ•°ã§ã™:%s"
"Yes","Yes"
"Your order can not be completed at this time as there is no payment methods available for it.","ã”åˆ©ç”¨å¯èƒ½ãªãŠæ”¯æ‰•æ–¹æ³•ãŒãªã„ãŸã‚ã€ã”æ³¨æ–‡ã‚’å®Œäº†ã™ã‚‹ã“ã¨ãŒã§ãã¾ã›ã‚“ã€‚"
"Your order can not be completed at this time as there is no shipping methods available for it. Please make necessary changes in your shipping address.","Your order can not be completed at this time as there is no shipping methods available for it. Please make necessary changes in your shipping address."
"Your session has been expired, you will be relogged in now.","ã‚»ãƒƒã‚·ãƒ§ãƒ³ãŒåˆ‡ã‚Œã¾ã—ãŸã€‚å†åº¦ãƒ­ã‚°ã‚¤ãƒ³ã—ã¦ãã ã•ã„ã€‚"
"Search","Search"
"Go","Go"
"Search entire store here...","Search entire store here..."
"Compare Products","Compare Products"
"Back to Main Product Info","Back to Main Product Info"
"You have no items to compare.","You have no items to compare."
"Clear All","Clear All"
"Search entire store here...","Search entire store here..."
"Search","Search"
"About the calendar","About the calendar"
"For latest version visit: %s","For latest version visit: %s"
"Distributed under GNU LGPL. See %s for details.","Distributed under GNU LGPL. See %s for details."
"Date selection:","Date selection:"
"- Use the %s, %s buttons to select year","- Use the %s, %s buttons to select year"
"- Use the %s buttons to select month","- Use the %s buttons to select month"
"- Hold mouse button on any of the above buttons for faster selection.","- Hold mouse button on any of the above buttons for faster selection."
"Time selection:","Time selection:"
"- Click on any of the time parts to increase it","- Click on any of the time parts to increase it"
"- or click and drag for faster selection.","- or click and drag for faster selection."
"Go Today","Go Today"
"Next month (hold for menu)","Next month (hold for menu)"
"Next year (hold for menu)","Next year (hold for menu)"
"Select date","Select date"
"Drag to move","Drag to move"
"Close","Close"
"(Shift-)Click or drag to change value","(Shift-)Click or drag to change value"
"Time:","Time:"
"DHTML Date/Time Selector","DHTML Date/Time Selector"


